Company,SalesRep,URL
8th Street Development, ,https://admin.tez.io/workspaces/6545003ca42f83c8aeca4250
A Test Customer 1, ,https://admin.tez.io/workspaces/65d82c9058521dc38ff91d35
ABM Houston, ,https://admin.tez.io/workspaces/6554ed4a9668a19cf006658b
Ace Parking, ,https://admin.tez.io/workspaces/65407e502b36370e82c2ce87
Affiliated Parking Systems, ,https://admin.tez.io/workspaces/65e1098358521dc38ffb23a2
Appleton International Airport-ATW, ,https://admin.tez.io/workspaces/65e8ac2658521dc38ffd0508
Ashland Hospital Corporation, ,https://admin.tez.io/workspaces/65f8b02558521dc38f00574a
Asta Parking, ,https://admin.tez.io/workspaces/65d2b49658521dc38ff75a65
Beach Club Master Association, ,https://admin.tez.io/workspaces/65e7377158521dc38ffb9d49
Benjamin Test, ,https://admin.tez.io/workspaces/65f06f2558521dc38ffe0067
Berkshire Investments, ,https://admin.tez.io/workspaces/653a73252b36370e82c27677
BrightBase, ,https://admin.tez.io/workspaces/651b027d75f88f9d7a69ccea
Charleston County Aviation Authority, ,https://admin.tez.io/workspaces/653a55302b36370e82c271fb
Colonial Parking, ,https://admin.tez.io/workspaces/653a73a02b36370e82c276fe
Corinthian International, ,https://admin.tez.io/workspaces/65aada1858521dc38ff3b102
Cornerstone Parking, ,https://admin.tez.io/workspaces/65778c94bb207e6db2d985a4
Eli Valet, ,https://admin.tez.io/workspaces/65c28a6b58521dc38ff4c01d
Fontainebleau Las Vegas, ,https://admin.tez.io/workspaces/657b65cb58521dc38ff26d46
Harbor Parking, ,https://admin.tez.io/workspaces/65df9e7758521dc38ffa2174
Intracoastal Parking LLC, ,https://admin.tez.io/workspaces/653fcbf22b36370e82c29464
"Jacobsen/Daniels Associates, LLC", ,https://admin.tez.io/workspaces/654012222b36370e82c2afc3
LAZ Parking, ,https://admin.tez.io/workspaces/653a5aaf2b36370e82c275eb
LAZ Parking Mid-Atlantic LLC, ,https://admin.tez.io/workspaces/65f1c25258521dc38ffecee2
Lovegreen Parking, ,https://admin.tez.io/workspaces/650697b9859571513cdacdca
Luxe Parking Management, ,https://admin.tez.io/workspaces/65e9dfbb58521dc38ffd8ad9
Metropolis, ,https://admin.tez.io/workspaces/65de1d3058521dc38ff993e6
Metropolitan Healthcare Services, ,https://admin.tez.io/workspaces/653fcd262b36370e82c2959e
Miami Design District, ,https://admin.tez.io/workspaces/65d632e558521dc38ff7d86c
Miami Parking, ,https://admin.tez.io/workspaces/653a5a332b36370e82c27556
National Parking (GA), ,https://admin.tez.io/workspaces/653fccb72b36370e82c29511
Nevada Premier Valet, ,https://admin.tez.io/workspaces/65e73e0b58521dc38ffc120e
North American Properties, ,https://admin.tez.io/workspaces/65b2a5ad58521dc38ff3f53c
Ocean Horizon Properties LC, ,https://admin.tez.io/workspaces/65dfa2b858521dc38ffa9548
One Fifty One At Biscayne Condominium Association Inc, ,https://admin.tez.io/workspaces/6577a052bb207e6db2d9bc68
Park Rite, ,https://admin.tez.io/workspaces/653a57a02b36370e82c274cf
Parking Concepts Inc, ,https://admin.tez.io/workspaces/64d033f7b340ab203dfa69ca
Parking Systems of America, ,https://admin.tez.io/workspaces/6541baa092d6bcfb69847972
Pivot Parking, ,https://admin.tez.io/workspaces/6541938e92d6bcfb69845bea
Pristine Auto Spa and Valet, ,https://admin.tez.io/workspaces/65cd020158521dc38ff62730
Propark Mobility, ,https://admin.tez.io/workspaces/653952cf2b36370e82c26df7
Propark Sovereign Services LLC, ,https://admin.tez.io/workspaces/65cf876958521dc38ff6ac27
Refined Parking Solutions LLC, ,https://admin.tez.io/workspaces/653a56a22b36370e82c2741e
Republic Parking Systems, ,https://admin.tez.io/workspaces/65d7ce0558521dc38ff8a19b
Royal Parking, ,https://admin.tez.io/workspaces/65cfc1c058521dc38ff7041a
Royal Parking LLC dbc GOPARK, ,https://admin.tez.io/workspaces/653a53c22b36370e82c27043
SP+ Corporation, ,https://admin.tez.io/workspaces/653a548a2b36370e82c2714e
SafetyPark Corporation, ,https://admin.tez.io/workspaces/65cbc52158521dc38ff5a405
Savannah Hilton Head International Airport, ,https://admin.tez.io/workspaces/656e365cbb207e6db2d93dcc
Seastreak LLC, ,https://admin.tez.io/workspaces/653a55aa2b36370e82c27285
South Coast Plaza, ,https://admin.tez.io/workspaces/65f318db58521dc38fff512f
T2 Mobile Pay, ,https://admin.tez.io/workspaces/65c24ae558521dc38ff4b984
TEZ Internal, ,https://admin.tez.io/workspaces/649f3af7b340ab203dfa3e7d
TEZ LENZ Demo, ,https://admin.tez.io/workspaces/649f389ab340ab203dfa3c67
The Crescent, ,https://admin.tez.io/workspaces/65dcd7b358521dc38ff9394a
US Parking Inc, ,https://admin.tez.io/workspaces/65d6611758521dc38ff82257
UT Southwestern, ,https://admin.tez.io/workspaces/65819a6a58521dc38ff2dae7
Universal Parking and Transportation, ,https://admin.tez.io/workspaces/6556649e9668a19cf00680fa
White Lodging, ,https://admin.tez.io/workspaces/659838a958521dc38ff36dcc
Xclusive Auto Spa & Valet, ,https://admin.tez.io/workspaces/65f1951858521dc38ffe35c5
